{"gradients/dense_id.bias": {"_type": "histogram", "values": [1.0, 0.0, 0.0, 0.0, 0.0, 0.0, 0.0, 0.0, 0.0, 0.0, 0.0, 0.0, 0.0, 0.0, 0.0, 0.0, 0.0, 0.0, 0.0, 0.0, 0.0, 2.0, 0.0, 0.0, 0.0, 0.0, 0.0, 0.0, 0.0, 0.0, 0.0, 0.0, 0.0, 0.0, 0.0, 0.0, 0.0, 0.0, 0.0, 0.0, 0.0, 0.0, 3.0, 0.0, 0.0, 0.0, 0.0, 0.0, 0.0, 0.0, 0.0, 0.0, 0.0, 2.0, 0.0, 0.0, 0.0, 0.0, 0.0, 0.0, 0.0, 0.0, 0.0, 2.0], "bins": [-0.11859340220689774, -0.11566711962223053, -0.11274082958698273, -0.10981454700231552, -0.10688826441764832, -0.10396197438240051, -0.1010356917977333, -0.0981094092130661, -0.0951831191778183, -0.09225683659315109, -0.08933055400848389, -0.08640426397323608, -0.08347798138856888, -0.08055169880390167, -0.07762540876865387, -0.07469913363456726, -0.07177284359931946, -0.06884655356407166, -0.06592027842998505, -0.06299398839473724, -0.06006770581007004, -0.057141419500112534, -0.05421513319015503, -0.051288850605487823, -0.04836256057024002, -0.045436277985572815, -0.04250999540090561, -0.0395837128162384, -0.0366574227809906, -0.033731140196323395, -0.03080485761165619, -0.027878567576408386, -0.024952277541160583, -0.022025994956493378, -0.019099704921245575, -0.01617342233657837, -0.013247139751911163, -0.01032084971666336, -0.007394567131996155, -0.004468284547328949, -0.0015420019626617432, 0.0013842880725860596, 0.004310570657253265, 0.00723685696721077, 0.010163143277168274, 0.01308942586183548, 0.016015712171792984, 0.01894199475646019, 0.021868281066417694, 0.0247945673763752, 0.027720849961042404, 0.03064713627099991, 0.033573418855667114, 0.03649970516562462, 0.03942599147558212, 0.04235227406024933, 0.04527856037020683, 0.04820484668016434, 0.05113112926483154, 0.05405741557478905, 0.05698370188474655, 0.05990998446941376, 0.06283626705408096, 0.06576255708932877, 0.06868883967399597]}, "_timestamp": 1745824671.9039063, "gradients/dense_id.weight": {"_type": "histogram", "values": [320.0], "bins": [0.0, 0.0]}, "gradients/dense_op.bias": {"_type": "histogram", "values": [32.0], "bins": [0.0, 0.0]}, "gradients/dense_op.weight": {"_type": "histogram", "values": [1024.0], "bins": [0.0, 0.0]}, "gradients/encoder2.norm2.weight": {"_type": "histogram", "values": [32.0], "bins": [0.0, 0.0]}, "gradients/encoder2.norm2.bias": {"_type": "histogram", "values": [32.0], "bins": [0.0, 0.0]}, "gradients/encoder2.linear2.bias": {"_type": "histogram", "values": [32.0], "bins": [0.0, 0.0]}, "gradients/encoder2.linear2.weight": {"_type": "histogram", "values": [4096.0], "bins": [0.0, 0.0]}, "gradients/encoder2.linear1.bias": {"_type": "histogram", "values": [128.0], "bins": [0.0, 0.0]}, "gradients/encoder2.linear1.weight": {"_type": "histogram", "values": [4096.0], "bins": [0.0, 0.0]}, "gradients/encoder2.norm1.weight": {"_type": "histogram", "values": [32.0], "bins": [0.0, 0.0]}, "gradients/encoder2.norm1.bias": {"_type": "histogram", "values": [32.0], "bins": [0.0, 0.0]}, "gradients/encoder2.self_attn.out_proj.bias": {"_type": "histogram", "values": [32.0], "bins": [0.0, 0.0]}, "gradients/encoder2.self_attn.out_proj.weight": {"_type": "histogram", "values": [1024.0], "bins": [0.0, 0.0]}, "gradients/encoder2.self_attn.in_proj_bias": {"_type": "histogram", "values": [96.0], "bins": [0.0, 0.0]}, "gradients/encoder2.self_attn.in_proj_weight": {"_type": "histogram", "values": [3072.0], "bins": [0.0, 0.0]}, "gradients/encoder1.norm2.weight": {"_type": "histogram", "values": [32.0], "bins": [0.0, 0.0]}, "gradients/encoder1.norm2.bias": {"_type": "histogram", "values": [32.0], "bins": [0.0, 0.0]}, "gradients/encoder1.linear2.bias": {"_type": "histogram", "values": [32.0], "bins": [0.0, 0.0]}, "gradients/encoder1.linear2.weight": {"_type": "histogram", "values": [4096.0], "bins": [0.0, 0.0]}, "gradients/encoder1.linear1.bias": {"_type": "histogram", "values": [128.0], "bins": [0.0, 0.0]}, "gradients/encoder1.linear1.weight": {"_type": "histogram", "values": [4096.0], "bins": [0.0, 0.0]}, "gradients/encoder1.norm1.weight": {"_type": "histogram", "values": [32.0], "bins": [0.0, 0.0]}, "gradients/encoder1.norm1.bias": {"_type": "histogram", "values": [32.0], "bins": [0.0, 0.0]}, "gradients/encoder1.self_attn.out_proj.bias": {"_type": "histogram", "values": [32.0], "bins": [0.0, 0.0]}, "gradients/encoder1.self_attn.out_proj.weight": {"_type": "histogram", "values": [1024.0], "bins": [0.0, 0.0]}, "gradients/encoder1.self_attn.in_proj_bias": {"_type": "histogram", "values": [96.0], "bins": [0.0, 0.0]}, "gradients/encoder1.self_attn.in_proj_weight": {"_type": "histogram", "values": [3072.0], "bins": [0.0, 0.0]}, "gradients/embedLayer.emebdding_layer.weight": {"_type": "histogram", "values": [128000.0], "bins": [0.0, 0.0]}, "gradients/embedLayer.emebdding_layer.bias": {"_type": "histogram", "values": [32.0], "bins": [0.0, 0.0]}, "gradients/conv23.conv.weight": {"_type": "histogram", "values": [27648.0], "bins": [0.0, 0.0]}, "gradients/conv23.conv.bias": {"_type": "histogram", "values": [32.0], "bins": [0.0, 0.0]}, "gradients/conv22.conv.weight": {"_type": "histogram", "values": [27648.0], "bins": [0.0, 0.0]}, "gradients/conv22.conv.bias": {"_type": "histogram", "values": [32.0], "bins": [0.0, 0.0]}, "gradients/conv21.conv.weight": {"_type": "histogram", "values": [13824.0], "bins": [0.0, 0.0]}, "gradients/conv21.conv.bias": {"_type": "histogram", "values": [32.0], "bins": [0.0, 0.0]}, "gradients/conv13.conv.weight": {"_type": "histogram", "values": [6912.0], "bins": [0.0, 0.0]}, "gradients/conv13.conv.bias": {"_type": "histogram", "values": [16.0], "bins": [0.0, 0.0]}, "gradients/conv12.conv.weight": {"_type": "histogram", "values": [6912.0], "bins": [0.0, 0.0]}, "gradients/conv12.conv.bias": {"_type": "histogram", "values": [16.0], "bins": [0.0, 0.0]}, "gradients/conv11.conv.weight": {"_type": "histogram", "values": [1728.0], "bins": [0.0, 0.0]}, "gradients/conv11.conv.bias": {"_type": "histogram", "values": [16.0], "bins": [0.0, 0.0]}, "epoch": 23, "loss_hgr": 2.397895574569702, "loss_id": 2.302609793056141, "loss_icgd": 0.0, "loss": 2.302609793056141, "acc_hgr": 0.09090909361839294, "acc_id": 0.08909090608358383, "val_loss_hgr": 2.397895574569702, "val_loss_id": 2.3025899340889673, "val_loss_icgd": 0.0, "val_loss": 2.3025899340889673, "val_acc_hgr": 0.09090909361839294, "val_acc_id": 0.10000000149011612, "_runtime": 995.3321764469147, "_step": 24, "_wandb": {"runtime": 994}}