{"gradients/dense_id.bias": {"_type": "histogram", "values": [2.0, 0.0, 0.0, 0.0, 0.0, 0.0, 0.0, 0.0, 0.0, 0.0, 0.0, 0.0, 0.0, 0.0, 0.0, 1.0, 2.0, 0.0, 0.0, 0.0, 0.0, 0.0, 0.0, 0.0, 0.0, 0.0, 0.0, 0.0, 0.0, 0.0, 0.0, 0.0, 1.0, 0.0, 0.0, 0.0, 0.0, 0.0, 0.0, 0.0, 0.0, 0.0, 0.0, 0.0, 0.0, 0.0, 0.0, 0.0, 3.0, 0.0, 0.0, 0.0, 0.0, 0.0, 0.0, 0.0, 0.0, 0.0, 0.0, 0.0, 0.0, 0.0, 0.0, 1.0], "bins": [-0.05638374388217926, -0.05444628372788429, -0.052508823573589325, -0.05057136341929436, -0.04863390326499939, -0.046696439385414124, -0.044758982956409454, -0.04282151907682419, -0.04088405892252922, -0.03894659876823425, -0.037009138613939285, -0.03507167845964432, -0.03313421830534935, -0.031196758151054382, -0.029259296134114265, -0.027321835979819298, -0.02538437582552433, -0.023446913808584213, -0.021509453654289246, -0.019571993499994278, -0.01763453334569931, -0.015697073191404343, -0.013759613037109375, -0.011822152882814407, -0.00988469272851944, -0.007947232574224472, -0.006009772419929504, -0.004072308540344238, -0.0021348483860492706, -0.00019738823175430298, 0.0017400719225406647, 0.0036775320768356323, 0.0056149922311306, 0.007552452385425568, 0.009489912539720535, 0.011427372694015503, 0.01336483284831047, 0.015302293002605438, 0.017239756882190704, 0.019177217036485672, 0.02111467719078064, 0.023052137345075607, 0.024989597499370575, 0.026927057653665543, 0.02886451780796051, 0.030801977962255478, 0.032739438116550446, 0.03467689827084541, 0.03661435842514038, 0.03855182230472565, 0.040489278733730316, 0.04242674261331558, 0.04436420276761055, 0.04630166292190552, 0.048239123076200485, 0.05017658323049545, 0.05211404338479042, 0.05405150353908539, 0.055988967418670654, 0.057926423847675323, 0.05986388772726059, 0.06180134788155556, 0.06373880803585052, 0.0656762644648552, 0.06761372834444046]}, "_timestamp": 1746616816.9164212, "gradients/dense_id.weight": {"_type": "histogram", "values": [320.0], "bins": [0.0, 0.0]}, "gradients/dense_hgr.bias": {"_type": "histogram", "values": [1.0, 0.0, 0.0, 0.0, 0.0, 0.0, 0.0, 0.0, 0.0, 1.0, 0.0, 0.0, 0.0, 0.0, 0.0, 0.0, 0.0, 0.0, 0.0, 0.0, 0.0, 0.0, 0.0, 0.0, 0.0, 0.0, 0.0, 1.0, 0.0, 0.0, 0.0, 0.0, 0.0, 0.0, 0.0, 0.0, 2.0, 0.0, 0.0, 0.0, 0.0, 0.0, 0.0, 0.0, 0.0, 4.0, 0.0, 0.0, 0.0, 0.0, 0.0, 0.0, 0.0, 0.0, 0.0, 1.0, 0.0, 0.0, 0.0, 0.0, 0.0, 0.0, 0.0, 1.0], "bins": [-0.12791967391967773, -0.12450431287288666, -0.12108895927667618, -0.1176736056804657, -0.11425824463367462, -0.11084288358688354, -0.10742752999067307, -0.10401217639446259, -0.10059681534767151, -0.09718145430088043, -0.09376610070466995, -0.09035074710845947, -0.0869353860616684, -0.08352002501487732, -0.08010467141866684, -0.07668931782245636, -0.07327395677566528, -0.0698585957288742, -0.06644324213266373, -0.06302788853645325, -0.05961252748966217, -0.056197166442871094, -0.052781812846660614, -0.049366459250450134, -0.04595109820365906, -0.04253573715686798, -0.0391203835606575, -0.03570502996444702, -0.032289668917655945, -0.028874307870864868, -0.02545895427465439, -0.02204360067844391, -0.018628239631652832, -0.015212878584861755, -0.011797524988651276, -0.008382171392440796, -0.004966810345649719, -0.0015514492988586426, 0.0018639042973518372, 0.005279257893562317, 0.008694618940353394, 0.01210997998714447, 0.01552533358335495, 0.01894068717956543, 0.022356048226356506, 0.025771409273147583, 0.029186762869358063, 0.03260212019085884, 0.03601747751235962, 0.0394328348338604, 0.042848192155361176, 0.046263549476861954, 0.04967890679836273, 0.05309426411986351, 0.05650962144136429, 0.059924978762865067, 0.06334033608436584, 0.06675569713115692, 0.0701710507273674, 0.07358640432357788, 0.07700176537036896, 0.08041712641716003, 0.08383248001337051, 0.087247833609581, 0.09066319465637207]}, "gradients/dense_hgr.weight": {"_type": "histogram", "values": [352.0], "bins": [0.0, 0.0]}, "gradients/dense_op.bias": {"_type": "histogram", "values": [32.0], "bins": [0.0, 0.0]}, "gradients/dense_op.weight": {"_type": "histogram", "values": [1024.0], "bins": [0.0, 0.0]}, "gradients/encoder2.norm2.weight": {"_type": "histogram", "values": [32.0], "bins": [0.0, 0.0]}, "gradients/encoder2.norm2.bias": {"_type": "histogram", "values": [32.0], "bins": [0.0, 0.0]}, "gradients/encoder2.linear2.bias": {"_type": "histogram", "values": [32.0], "bins": [0.0, 0.0]}, "gradients/encoder2.linear2.weight": {"_type": "histogram", "values": [4096.0], "bins": [0.0, 0.0]}, "gradients/encoder2.linear1.bias": {"_type": "histogram", "values": [128.0], "bins": [0.0, 0.0]}, "gradients/encoder2.linear1.weight": {"_type": "histogram", "values": [4096.0], "bins": [0.0, 0.0]}, "gradients/encoder2.norm1.weight": {"_type": "histogram", "values": [32.0], "bins": [0.0, 0.0]}, "gradients/encoder2.norm1.bias": {"_type": "histogram", "values": [32.0], "bins": [0.0, 0.0]}, "gradients/encoder2.self_attn.out_proj.bias": {"_type": "histogram", "values": [32.0], "bins": [0.0, 0.0]}, "gradients/encoder2.self_attn.out_proj.weight": {"_type": "histogram", "values": [1024.0], "bins": [0.0, 0.0]}, "gradients/encoder2.self_attn.in_proj_bias": {"_type": "histogram", "values": [96.0], "bins": [0.0, 0.0]}, "gradients/encoder2.self_attn.in_proj_weight": {"_type": "histogram", "values": [3072.0], "bins": [0.0, 0.0]}, "gradients/encoder1.norm2.weight": {"_type": "histogram", "values": [32.0], "bins": [0.0, 0.0]}, "gradients/encoder1.norm2.bias": {"_type": "histogram", "values": [32.0], "bins": [0.0, 0.0]}, "gradients/encoder1.linear2.bias": {"_type": "histogram", "values": [32.0], "bins": [0.0, 0.0]}, "gradients/encoder1.linear2.weight": {"_type": "histogram", "values": [4096.0], "bins": [0.0, 0.0]}, "gradients/encoder1.linear1.bias": {"_type": "histogram", "values": [128.0], "bins": [0.0, 0.0]}, "gradients/encoder1.linear1.weight": {"_type": "histogram", "values": [4096.0], "bins": [0.0, 0.0]}, "gradients/encoder1.norm1.weight": {"_type": "histogram", "values": [32.0], "bins": [0.0, 0.0]}, "gradients/encoder1.norm1.bias": {"_type": "histogram", "values": [32.0], "bins": [0.0, 0.0]}, "gradients/encoder1.self_attn.out_proj.bias": {"_type": "histogram", "values": [32.0], "bins": [0.0, 0.0]}, "gradients/encoder1.self_attn.out_proj.weight": {"_type": "histogram", "values": [1024.0], "bins": [0.0, 0.0]}, "gradients/encoder1.self_attn.in_proj_bias": {"_type": "histogram", "values": [96.0], "bins": [0.0, 0.0]}, "gradients/encoder1.self_attn.in_proj_weight": {"_type": "histogram", "values": [3072.0], "bins": [0.0, 0.0]}, "gradients/embedLayer.pos_embeddings": {"_type": "histogram", "values": [9216.0], "bins": [0.0, 0.0]}, "gradients/embedLayer.emebdding_layer.weight": {"_type": "histogram", "values": [128000.0], "bins": [0.0, 0.0]}, "gradients/embedLayer.emebdding_layer.bias": {"_type": "histogram", "values": [32.0], "bins": [0.0, 0.0]}, "gradients/conv23.conv.weight": {"_type": "histogram", "values": [27648.0], "bins": [0.0, 0.0]}, "gradients/conv23.conv.bias": {"_type": "histogram", "values": [32.0], "bins": [0.0, 0.0]}, "gradients/conv22.conv.weight": {"_type": "histogram", "values": [27648.0], "bins": [0.0, 0.0]}, "gradients/conv22.conv.bias": {"_type": "histogram", "values": [32.0], "bins": [0.0, 0.0]}, "gradients/conv21.conv.weight": {"_type": "histogram", "values": [13824.0], "bins": [0.0, 0.0]}, "gradients/conv21.conv.bias": {"_type": "histogram", "values": [32.0], "bins": [0.0, 0.0]}, "gradients/conv13.conv.weight": {"_type": "histogram", "values": [6912.0], "bins": [0.0, 0.0]}, "gradients/conv13.conv.bias": {"_type": "histogram", "values": [16.0], "bins": [0.0, 0.0]}, "gradients/conv12.conv.weight": {"_type": "histogram", "values": [6912.0], "bins": [0.0, 0.0]}, "gradients/conv12.conv.bias": {"_type": "histogram", "values": [16.0], "bins": [0.0, 0.0]}, "gradients/conv11.conv.weight": {"_type": "histogram", "values": [1728.0], "bins": [0.0, 0.0]}, "gradients/conv11.conv.bias": {"_type": "histogram", "values": [16.0], "bins": [0.0, 0.0]}, "epoch": 118, "loss_hgr": 2.3979340379888363,