{"gradients/dense_id.bias": {"_type": "histogram", "values": [1.0, 0.0, 0.0, 0.0, 0.0, 0.0, 0.0, 0.0, 0.0, 0.0, 0.0, 0.0, 0.0, 0.0, 0.0, 0.0, 0.0, 0.0, 0.0, 0.0, 0.0, 2.0, 0.0, 0.0, 0.0, 0.0, 0.0, 0.0, 0.0, 0.0, 0.0, 1.0, 0.0, 0.0, 0.0, 0.0, 0.0, 0.0, 0.0, 0.0, 0.0, 0.0, 1.0, 0.0, 0.0, 0.0, 0.0, 0.0, 0.0, 0.0, 0.0, 0.0, 0.0, 3.0, 0.0, 0.0, 0.0, 0.0, 0.0, 0.0, 0.0, 0.0, 0.0, 2.0], "bins": [-0.11893096566200256, -0.11599217355251312, -0.11305337399244308, -0.11011458188295364, -0.1071757897734642, -0.10423699021339417, -0.10129819810390472, -0.09835940599441528, -0.09542061388492584, -0.0924818143248558, -0.08954302221536636, -0.08660422265529633, -0.08366543054580688, -0.08072663843631744, -0.077787846326828, -0.07484905421733856, -0.07191025465726852, -0.06897145509719849, -0.06603266298770905, -0.0630938708782196, -0.060155078768730164, -0.057216282933950424, -0.054277487099170685, -0.051338694989681244, -0.048399895429611206, -0.045461103320121765, -0.042522311210632324, -0.03958351910114288, -0.036644719541072845, -0.033705927431583405, -0.030767135322093964, -0.027828335762023926, -0.024889551103115082, -0.02195075899362564, -0.019011959433555603, -0.016073167324066162, -0.013134375214576721, -0.010195575654506683, -0.007256783545017242, -0.0043179914355278015, -0.0013791993260383606, 0.0015596002340316772, 0.004498392343521118, 0.0074371881783008575, 0.010375984013080597, 0.013314776122570038, 0.016253571957349777, 0.019192364066839218, 0.022131159901618958, 0.025069955736398697, 0.028008747845888138, 0.030947543680667877, 0.03388633579015732, 0.03682513162493706, 0.0397639274597168, 0.04270271956920624, 0.04564151540398598, 0.04858031123876572, 0.05151910334825516, 0.0544578991830349, 0.057396695017814636, 0.06033548712730408, 0.06327427923679352, 0.06621307879686356, 0.069151870906353]}, "_timestamp": 1746815036.2599466, "gradients/dense_id.weight": {"_type": "histogram", "values": [320.0], "bins": [0.0, 0.0]}, "gradients/dense_hgr.bias": {"_type": "histogram", "values": [1.0, 0.0, 0.0, 0.0, 0.0, 0.0, 0.0, 0.0, 0.0, 0.0, 0.0, 0.0, 0.0, 0.0, 0.0, 0.0, 0.0, 0.0, 0.0, 0.0, 0.0, 0.0, 0.0, 0.0, 0.0, 2.0, 0.0, 0.0, 0.0, 0.0, 0.0, 0.0, 0.0, 0.0, 0.0, 0.0, 0.0, 0.0, 4.0, 0.0, 0.0, 0.0, 0.0, 0.0, 0.0, 0.0, 0.0, 0.0, 0.0, 0.0, 0.0, 2.0, 0.0, 0.0, 0.0, 0.0, 0.0, 0.0, 0.0, 0.0, 0.0, 0.0, 0.0, 2.0], "bins": [-0.09673149883747101, -0.09428782016038895, -0.09184414148330688, -0.08940047025680542, -0.08695679157972336, -0.0845131129026413, -0.08206944167613983, -0.07962576299905777, -0.07718208432197571, -0.07473840564489365, -0.07229472696781158, -0.06985105574131012, -0.06740737706422806, -0.064963698387146, -0.06252002716064453, -0.06007634848356247, -0.05763266980648041, -0.055188991129398346, -0.05274531617760658, -0.05030164122581482, -0.04785796254873276, -0.045414283871650696, -0.04297060891985893, -0.04052693396806717, -0.03808325529098511, -0.035639576613903046, -0.033195897936820984, -0.03075222671031952, -0.028308548033237457, -0.025864869356155396, -0.02342119812965393, -0.02097751945257187, -0.018533840775489807, -0.016090162098407745, -0.013646483421325684, -0.011202812194824219, -0.008759133517742157, -0.006315454840660095, -0.0038717836141586304, -0.0014281049370765686, 0.0010155737400054932, 0.003459252417087555, 0.005902927368879318, 0.008346602320671082, 0.010790280997753143, 0.013233959674835205, 0.01567763462662697, 0.01812130957841873, 0.020564988255500793, 0.023008666932582855, 0.02545234188437462, 0.027896016836166382, 0.030339695513248444, 0.032783374190330505, 0.03522704914212227, 0.03767072409391403, 0.040114402770996094, 0.042558081448078156, 0.04500175639986992, 0.04744543135166168, 0.049889110028743744, 0.052332788705825806, 0.05477646365761757, 0.05722013860940933, 0.059663817286491394]}, "gradients/dense_hgr.weight": {"_type": "histogram", "values": [352.0], "bins": [0.0, 0.0]}, "gradients/dense_op.bias": {"_type": "histogram", "values": [32.0], "bins": [0.0, 0.0]}, "gradients/dense_op.weight": {"_type": "histogram", "values": [1024.0], "bins": [0.0, 0.0]}, "gradients/encoder2.layernorm2.weight": {"_type": "histogram", "values": [9216.0], "bins": [0.0, 0.0]}, "gradients/encoder2.layernorm2.bias": {"_type": "histogram", "values": [9216.0], "bins": [0.0, 0.0]}, "gradients/encoder2.ffn.2.bias": {"_type": "histogram", "values": [32.0], "bins": [0.0, 0.0]}, "gradients/encoder2.ffn.2.weight": {"_type": "histogram", "values": [4096.0], "bins": [0.0, 0.0]}, "gradients/encoder2.ffn.0.bias": {"_type": "histogram", "values": [128.0], "bins": [0.0, 0.0]}, "gradients/encoder2.ffn.0.weight": {"_type": "histogram", "values": [4096.0], "bins": [0.0, 0.0]}, "gradients/encoder2.layernorm1.weight": {"_type": "histogram", "values": [9216.0], "bins": [0.0, 0.0]}, "gradients/encoder2.layernorm1.bias": {"_type": "histogram", "values": [9216.0], "bins": [0.0, 0.0]}, "gradients/encoder2.att.projection_dense.bias": {"_type": "histogram", "values": [32.0], "bins": [0.0, 0.0]}, "gradients/encoder2.att.projection_dense.weight": {"_type": "histogram", "values": [1024.0], "bins": [0.0, 0.0]}, "gradients/encoder2.att.value_dense.bias": {"_type": "histogram", "values": [32.0], "bins": [0.0, 0.0]}, "gradients/encoder2.att.value_dense.weight": {"_type": "histogram", "values": [1024.0], "bins": [0.0, 0.0]}, "gradients/encoder2.att.key_dense.bias": {"_type": "histogram", "values": [32.0], "bins": [0.0, 0.0]}, "gradients/encoder2.att.key_dense.weight": {"_type": "histogram", "values": [1024.0], "bins": [0.0, 0.0]}, "gradients/encoder2.att.query_dense.bias": {"_type": "histogram", "values": [32.0], "bins": [0.0, 0.0]}, "gradients/encoder2.att.query_dense.weight": {"_type": "histogram", "values": [1024.0], "bins": [0.0, 0.0]}, "gradients/encoder1.layernorm2.weight": {"_type": "histogram", "values": [9216.0], "bins": [0.0, 0.0]}, "gradients/encoder1.layernorm2.bias": {"_type": "histogram", "values": [9216.0], "bins": [0.0, 0.0]}, "gradients/encoder1.ffn.2.bias": {"_type": "histogram", "values": [32.0], "bins": [0.0, 0.0]}, "gradients/encoder1.ffn.2.weight": {"_type": "histogram", "values": [4096.0], "bins": [0.0, 0.0]}, "gradients/encoder1.ffn.0.bias": {"_type": "histogram", "values": [128.0], "bins": [0.0, 0.0]}, "gradients/encoder1.ffn.0.weight": {"_type": "histogram", "values": [4096.0], "bins": [0.0, 0.0]}, "gradients/encoder1.layernorm1.weight": {"_type": "histogram", "values": [9216.0], "bins": [0.0, 0.0]}, "gradients/encoder1.layernorm1.bias": {"_type": "histogram", "values": [9216.0], "bins": [0.0, 0.0]}, "gradients/encoder1.att.projection_dense.bias": {"_type": "histogram", "values": [32.0], "bins": [0.0, 0.0]}, "gradients/encoder1.att.projection_dense.weight": {"_type": "histogram", "values": [1024.0], "bins": [0.0, 0.0]}, "gradients/encoder1.att.value_dense.bias": {"_type": "histogram", "values": [32.0], "bins": [0.0, 0.0]}, "gradients/encoder1.att.value_dense.weight": {"_type": "histogram", "values": [1024.0], "bins": [0.0, 0.0]}, "gradients/encoder1.att.key_dense.bias": {"_type": "histogram", "values": [32.0], "bins": [0.0, 0.0]}, "gradients/encoder1.att.key_dense.weight": {"_type": "histogram", "values": [1024.0], "bins": [0.0, 0.0]}, "gradients/encoder1.att.query_dense.bias": {"_type": "histogram", "values": [32.0], "bins": [0.0, 0.0]}, "gradients/encoder1.att.query_dense.weight": {"_type": "histogram", "values": [1024.0], "bins": [0.0, 0.0]}, "gradients/embedLayer.pos_embeddings": {"_type": "histogram", "values": [9216.0], "bins": [0.0, 0.0]}, "gradients/embedLayer.emebdding_layer.weight": {"_type": "histogram", "values": [128000.0], "bins": [0.0, 0.0]}, "gradients/embedLayer.emebdding_layer.bias": {"_type": "histogram", "values": [32.0], "bins": [0.0, 0.0]}, "gradients/conv23.conv.weight": {"_type": "histogram", "values": [27648.0], "bins": [0.0, 0.0]}, "gradients/conv23.conv.bias": {"_type": "histogram", "values": [32.0], "bins": [0.0, 0.0]}, "gradients/conv22.conv.weight": {"_type": "histogram", "values": [27648.0], "bins": [0.0, 0.0]},