{"gradients/dense_id.bias": {"_type": "histogram", "values": [3.0, 0.0, 0.0, 0.0, 0.0, 0.0, 0.0, 0.0, 0.0, 0.0, 0.0, 0.0, 0.0, 0.0, 0.0, 0.0, 2.0, 0.0, 0.0, 0.0, 0.0, 0.0, 0.0, 0.0, 0.0, 0.0, 0.0, 0.0, 0.0, 0.0, 0.0, 1.0, 0.0, 0.0, 0.0, 0.0, 0.0, 0.0, 0.0, 0.0, 0.0, 0.0, 0.0, 0.0, 0.0, 0.0, 0.0, 1.0, 1.0, 0.0, 0.0, 0.0, 0.0, 0.0, 0.0, 0.0, 0.0, 0.0, 0.0, 0.0, 0.0, 0.0, 0.0, 2.0], "bins": [-0.05669565871357918, -0.054730284959077835, -0.05276491492986679, -0.05079954117536545, -0.048834171146154404, -0.04686879739165306, -0.04490342736244202, -0.042938053607940674, -0.04097267985343933, -0.03900730982422829, -0.03704193979501724, -0.0350765660405159, -0.03311119228601456, -0.031145820394158363, -0.02918044850230217, -0.027215076610445976, -0.025249704718589783, -0.02328433096408844, -0.021318960934877396, -0.019353587180376053, -0.01738821715116501, -0.015422843396663666, -0.013457473367452621, -0.011492099612951279, -0.009526725858449936, -0.007561355829238892, -0.005595982074737549, -0.0036306120455265045, -0.0016652382910251617, 0.00030013173818588257, 0.0022655054926872253, 0.00423087552189827, 0.006196245551109314, 0.008161619305610657, 0.010126989334821701, 0.012092363089323044, 0.014057733118534088, 0.01602310687303543, 0.017988476902246475, 0.019953850656747818, 0.021919220685958862, 0.023884594440460205, 0.025849968194961548, 0.027815338224172592, 0.029780711978673935, 0.03174608200788498, 0.03371145576238632, 0.035676825791597366, 0.03764219954609871, 0.03960756957530975, 0.041572943329811096, 0.04353831708431244, 0.04550368711352348, 0.047469060868024826, 0.04943443089723587, 0.05139980465173721, 0.053365178406238556, 0.0553305484354496, 0.057295918464660645, 0.05926129221916199, 0.06122666597366333, 0.06319203972816467, 0.06515740603208542, 0.06712277978658676, 0.0690881535410881]}, "_timestamp": 1746618200.2197022, "gradients/dense_id.weight": {"_type": "histogram", "values": [320.0], "bins": [0.0, 0.0]}, "gradients/dense_hgr.bias": {"_type": "histogram", "values": [1.0, 0.0, 0.0, 0.0, 0.0, 0.0, 0.0, 0.0, 0.0, 0.0, 0.0, 0.0, 1.0, 0.0, 0.0, 0.0, 0.0, 0.0, 0.0, 0.0, 0.0, 0.0, 0.0, 0.0, 0.0, 2.0, 0.0, 0.0, 0.0, 0.0, 0.0, 0.0, 0.0, 0.0, 0.0, 0.0, 0.0, 0.0, 3.0, 0.0, 0.0, 0.0, 0.0, 0.0, 0.0, 0.0, 0.0, 0.0, 0.0, 0.0, 0.0, 0.0, 0.0, 0.0, 0.0, 0.0, 0.0, 0.0, 0.0, 0.0, 0.0, 0.0, 0.0, 4.0], "bins": [-0.09696394205093384, -0.09451258182525635, -0.09206122905015945, -0.08960986882448196, -0.08715851604938507, -0.08470715582370758, -0.08225580304861069, -0.0798044428229332, -0.0773530900478363, -0.07490172982215881, -0.07245036959648132, -0.06999901682138443, -0.06754765659570694, -0.06509630382061005, -0.06264494359493256, -0.060193587094545364, -0.05774223059415817, -0.05529087409377098, -0.05283951759338379, -0.0503881610929966, -0.047936804592609406, -0.045485444366931915, -0.043034087866544724, -0.04058273136615753, -0.03813137486577034, -0.03568001836538315, -0.03322865813970566, -0.030777305364608765, -0.028325945138931274, -0.02587459236383438, -0.02342323213815689, -0.020971879363059998, -0.018520526587963104, -0.016069166362285614, -0.01361781358718872, -0.01116645336151123, -0.008715100586414337, -0.006263740360736847, -0.0038123875856399536, -0.0013610273599624634, 0.0010903291404247284, 0.00354168564081192, 0.005993042141199112, 0.008444398641586304, 0.010895758867263794, 0.013347115367650986, 0.015798471868038177, 0.01824982836842537, 0.02070118486881256, 0.023152541369199753, 0.025603897869586945, 0.028055254369974136, 0.030506612733006477, 0.03295797109603882, 0.03540932759642601, 0.0378606840968132, 0.040312040597200394, 0.042763397097587585, 0.04521475359797478, 0.04766611009836197, 0.05011747032403946, 0.05256882682442665, 0.05502018332481384, 0.057471539825201035, 0.059922896325588226]}, "gradients/dense_hgr.weight": {"_type": "histogram", "values": [352.0], "bins": [0.0, 0.0]}, "gradients/dense_op.bias": {"_type": "histogram", "values": [32.0], "bins": [0.0, 0.0]}, "gradients/dense_op.weight": {"_type": "histogram", "values": [1024.0], "bins": [0.0, 0.0]}, "gradients/encoder2.norm2.weight": {"_type": "histogram", "values": [32.0], "bins": [0.0, 0.0]}, "gradients/encoder2.norm2.bias": {"_type": "histogram", "values": [32.0], "bins": [0.0, 0.0]}, "gradients/encoder2.linear2.bias": {"_type": "histogram", "values": [32.0], "bins": [0.0, 0.0]}, "gradients/encoder2.linear2.weight": {"_type": "histogram", "values": [4096.0], "bins": [0.0, 0.0]}, "gradients/encoder2.linear1.bias": {"_type": "histogram", "values": [128.0], "bins": [0.0, 0.0]}, "gradients/encoder2.linear1.weight": {"_type": "histogram", "values": [4096.0], "bins": [0.0, 0.0]}, "gradients/encoder2.norm1.weight": {"_type": "histogram", "values": [32.0], "bins": [0.0, 0.0]}, "gradients/encoder2.norm1.bias": {"_type": "histogram", "values": [32.0], "bins": [0.0, 0.0]}, "gradients/encoder2.self_attn.out_proj.bias": {"_type": "histogram", "values": [32.0], "bins": [0.0, 0.0]}, "gradients/encoder2.self_attn.out_proj.weight": {"_type": "histogram", "values": [1024.0], "bins": [0.0, 0.0]}, "gradients/encoder2.self_attn.in_proj_bias": {"_type": "histogram", "values": [96.0], "bins": [0.0, 0.0]}, "gradients/encoder2.self_attn.in_proj_weight": {"_type": "histogram", "values": [3072.0], "bins": [0.0, 0.0]}, "gradients/encoder1.norm2.weight": {"_type": "histogram", "values": [32.0], "bins": [0.0, 0.0]}, "gradients/encoder1.norm2.bias": {"_type": "histogram", "values": [32.0], "bins": [0.0, 0.0]}, "gradients/encoder1.linear2.bias": {"_type": "histogram", "values": [32.0], "bins": [0.0, 0.0]}, "gradients/encoder1.linear2.weight": {"_type": "histogram", "values": [4096.0], "bins": [0.0, 0.0]}, "gradients/encoder1.linear1.bias": {"_type": "histogram", "values": [128.0], "bins": [0.0, 0.0]}, "gradients/encoder1.linear1.weight": {"_type": "histogram", "values": [4096.0], "bins": [0.0, 0.0]}, "gradients/encoder1.norm1.weight": {"_type": "histogram", "values": [32.0], "bins": [0.0, 0.0]}, "gradients/encoder1.norm1.bias": {"_type": "histogram", "values": [32.0], "bins": [0.0, 0.0]}, "gradients/encoder1.self_attn.out_proj.bias": {"_type": "histogram", "values": [32.0], "bins": [0.0, 0.0]}, "gradients/encoder1.self_attn.out_proj.weight": {"_type": "histogram", "values": [1024.0], "bins": [0.0, 0.0]}, "gradients/encoder1.self_attn.in_proj_bias": {"_type": "histogram", "values": [96.0], "bins": [0.0, 0.0]}, "gradients/encoder1.self_attn.in_proj_weight": {"_type": "histogram", "values": [3072.0], "bins": [0.0, 0.0]}, "gradients/embedLayer.pos_embeddings": {"_type": "histogram", "values": [9216.0], "bins": [0.0, 0.0]}, "gradients/embedLayer.emebdding_layer.weight": {"_type": "histogram", "values": [128000.0], "bins": [0.0, 0.0]}, "gradients/embedLayer.emebdding_layer.bias": {"_type": "histogram", "values": [32.0], "bins": [0.0, 0.0]}, "gradients/conv23.conv.weight": {"_type": "histogram", "values": [27648.0], "bins": [0.0, 0.0]}, "gradients/conv23.conv.bias": {"_type": "histogram", "values": [32.0], "bins": [0.0, 0.0]}, "gradients/conv22.conv.weight": {"_type": "histogram", "values": [27648.0], "bins": [0.0, 0.0]}, "gradients/conv22.conv.bias": {"_type": "histogram", "values": [32.0], "bins": [0.0, 0.0]}, "gradients/conv21.conv.weight": {"_type": "histogram", "values": [13824.0], "bins": [0.0, 0.0]}, "gradients/conv21.conv.bias": {"_type": "histogram", "values": [32.0], "bins": [0.0, 0.0]}, "gradients/conv13.conv.weight": {"_type": "histogram", "values": [6912.0], "bins": [0.0, 0.0]}, "gradients/conv13.conv.bias": {"_type": "histogram", "values": [16.0], "bins": [0.0, 0.0]}, "gradients/conv12.conv.weight": {"_type": "histogram", "values": [6912.0], "bins": [0.0, 0.0]}, "gradients/conv12.conv.bias": {"_type": "histogram", "values": [16.0], "bins": [0.0, 0.0]}, "gradients/conv11.conv.weight": {"_type": "histogram", "values": [1728.0], "bins": [0.0, 0.0]}, "gradients/conv11.conv.bias": {"_type": "histogram", "values": [16.0], "bins": [0.0, 0.0]}, "epoch": 17, "loss_hgr": 2.3979215240478515,