{"gradients/dense_id.bias": {"_type": "histogram", "values": [2.0, 0.0, 0.0, 0.0, 0.0, 0.0, 0.0, 0.0, 0.0, 0.0, 0.0, 0.0, 0.0, 0.0, 0.0, 0.0, 1.0, 0.0, 0.0, 0.0, 0.0, 0.0, 0.0, 0.0, 0.0, 0.0, 0.0, 0.0, 0.0, 0.0, 0.0, 1.0, 1.0, 0.0, 0.0, 0.0, 0.0, 0.0, 0.0, 0.0, 0.0, 0.0, 0.0, 0.0, 0.0, 0.0, 0.0, 2.0, 1.0, 0.0, 0.0, 0.0, 0.0, 0.0, 0.0, 0.0, 0.0, 0.0, 0.0, 0.0, 0.0, 0.0, 0.0, 2.0], "bins": [-0.12213881313800812, -0.11866842955350876, -0.1151980459690094, -0.11172766238451004, -0.10825727880001068, -0.10478688776493073, -0.10131650418043137, -0.097846120595932, -0.09437573701143265, -0.09090535342693329, -0.08743496984243393, -0.08396458625793457, -0.08049419522285461, -0.07702381908893585, -0.0735534280538559, -0.07008304446935654, -0.06661266088485718, -0.06314227730035782, -0.05967189371585846, -0.0562015101313591, -0.05273112654685974, -0.049260735511779785, -0.045790351927280426, -0.04231996834278107, -0.03884958475828171, -0.03537920117378235, -0.03190881758928299, -0.02843843400478363, -0.024968042969703674, -0.021497659385204315, -0.018027275800704956, -0.014556892216205597, -0.011086516082286835, -0.007616132497787476, -0.0041457489132881165, -0.0006753653287887573, 0.002795018255710602, 0.006265409290790558, 0.009735792875289917, 0.013206176459789276, 0.016676560044288635, 0.020146943628787994, 0.023617327213287354, 0.027087710797786713, 0.03055810183286667, 0.03402848541736603, 0.03749886900186539, 0.040969252586364746, 0.044439636170864105, 0.047910019755363464, 0.051380403339862823, 0.05485079064965248, 0.05832117423415184, 0.0617915578186512, 0.06526194512844086, 0.06873232871294022, 0.07220271229743958, 0.07567309588193893, 0.0791434794664383, 0.08261387050151825, 0.08608424663543701, 0.08955463767051697, 0.09302502125501633, 0.09649540483951569, 0.09996578842401505]}, "_timestamp": 1746649587.5179546, "gradients/dense_id.weight": {"_type": "histogram", "values": [320.0], "bins": [0.0, 0.0]}, "gradients/dense_hgr.bias": {"_type": "histogram", "values": [1.0, 0.0, 0.0, 0.0, 0.0, 0.0, 0.0, 0.0, 0.0, 0.0, 0.0, 0.0, 0.0, 0.0, 0.0, 0.0, 0.0, 0.0, 0.0, 0.0, 0.0, 0.0, 0.0, 0.0, 0.0, 0.0, 0.0, 0.0, 0.0, 0.0, 0.0, 5.0, 0.0, 0.0, 0.0, 0.0, 0.0, 0.0, 0.0, 0.0, 0.0, 0.0, 0.0, 0.0, 0.0, 0.0, 0.0, 0.0, 0.0, 0.0, 0.0, 0.0, 0.0, 0.0, 0.0, 0.0, 0.0, 0.0, 0.0, 0.0, 0.0, 0.0, 0.0, 5.0], "bins": [-0.07541343569755554, -0.07367725670337677, -0.0719410851597786, -0.07020490616559982, -0.06846873462200165, -0.06673255562782288, -0.0649963766336441, -0.06326020509004593, -0.06152402609586716, -0.05978785455226898, -0.05805167555809021, -0.056315500289201736, -0.05457932502031326, -0.05284314602613449, -0.051106974482536316, -0.049370795488357544, -0.04763462021946907, -0.0458984449505806, -0.04416226968169212, -0.04242609068751335, -0.04068991541862488, -0.038953740149736404, -0.03721756488084793, -0.03548138961195946, -0.033745214343070984, -0.03200903534889221, -0.03027286008000374, -0.028536684811115265, -0.02680050954222679, -0.025064334273338318, -0.023328155279159546, -0.021591980010271072, -0.0198558010160923, -0.018119625747203827, -0.016383450478315353, -0.014647271484136581, -0.012911096215248108, -0.011174920946359634, -0.009438745677471161, -0.007702570408582687, -0.005966391414403915, -0.004230216145515442, -0.0024940408766269684, -0.0007578656077384949, 0.0009783096611499786, 0.002714484930038452, 0.004450663924217224, 0.006186839193105698, 0.007923014461994171, 0.009659189730882645, 0.011395366862416267, 0.013131542131304741, 0.014867719262838364, 0.016603894531726837, 0.01834006980061531, 0.020076246932148933, 0.021812422201037407, 0.02354859933257103, 0.025284774601459503, 0.027020949870347977, 0.02875712513923645, 0.030493302270770073, 0.032229479402303696, 0.03396565467119217, 0.03570182994008064]}, "gradients/dense_hgr.weight": {"_type": "histogram", "values": [352.0], "bins": [0.0, 0.0]}, "gradients/dense_op.bias": {"_type": "histogram", "values": [32.0], "bins": [0.0, 0.0]}, "gradients/dense_op.weight": {"_type": "histogram", "values": [1024.0], "bins": [0.0, 0.0]}, "gradients/encoder2.layernorm2.weight": {"_type": "histogram", "values": [9216.0], "bins": [0.0, 0.0]}, "gradients/encoder2.layernorm2.bias": {"_type": "histogram", "values": [9216.0], "bins": [0.0, 0.0]}, "gradients/encoder2.ffn.2.bias": {"_type": "histogram", "values": [32.0], "bins": [0.0, 0.0]}, "gradients/encoder2.ffn.2.weight": {"_type": "histogram", "values": [4096.0], "bins": [0.0, 0.0]}, "gradients/encoder2.ffn.0.bias": {"_type": "histogram", "values": [128.0], "bins": [0.0, 0.0]}, "gradients/encoder2.ffn.0.weight": {"_type": "histogram", "values": [4096.0], "bins": [0.0, 0.0]}, "gradients/encoder2.layernorm1.weight": {"_type": "histogram", "values": [9216.0], "bins": [0.0, 0.0]}, "gradients/encoder2.layernorm1.bias": {"_type": "histogram", "values": [9216.0], "bins": [0.0, 0.0]}, "gradients/encoder2.att.projection_dense.bias": {"_type": "histogram", "values": [32.0], "bins": [0.0, 0.0]}, "gradients/encoder2.att.projection_dense.weight": {"_type": "histogram", "values": [1024.0], "bins": [0.0, 0.0]}, "gradients/encoder2.att.value_dense.bias": {"_type": "histogram", "values": [32.0], "bins": [0.0, 0.0]}, "gradients/encoder2.att.value_dense.weight": {"_type": "histogram", "values": [1024.0], "bins": [0.0, 0.0]}, "gradients/encoder2.att.key_dense.bias": {"_type": "histogram", "values": [32.0], "bins": [0.0, 0.0]}, "gradients/encoder2.att.key_dense.weight": {"_type": "histogram", "values": [1024.0], "bins": [0.0, 0.0]}, "gradients/encoder2.att.query_dense.bias": {"_type": "histogram", "values": [32.0], "bins": [0.0, 0.0]}, "gradients/encoder2.att.query_dense.weight": {"_type": "histogram", "values": [1024.0], "bins": [0.0, 0.0]}, "gradients/encoder1.layernorm2.weight": {"_type": "histogram", "values": [9216.0], "bins": [0.0, 0.0]}, "gradients/encoder1.layernorm2.bias": {"_type": "histogram", "values": [9216.0], "bins": [0.0, 0.0]}, "gradients/encoder1.ffn.2.bias": {"_type": "histogram", "values": [32.0], "bins": [0.0, 0.0]}, "gradients/encoder1.ffn.2.weight": {"_type": "histogram", "values": [4096.0], "bins": [0.0, 0.0]}, "gradients/encoder1.ffn.0.bias": {"_type": "histogram", "values": [128.0], "bins": [0.0, 0.0]}, "gradients/encoder1.ffn.0.weight": {"_type": "histogram", "values": [4096.0], "bins": [0.0, 0.0]}, "gradients/encoder1.layernorm1.weight": {"_type": "histogram", "values": [9216.0], "bins": [0.0, 0.0]}, "gradients/encoder1.layernorm1.bias": {"_type": "histogram", "values": [9216.0], "bins": [0.0, 0.0]}, "gradients/encoder1.att.projection_dense.bias": {"_type": "histogram", "values": [32.0], "bins": [0.0, 0.0]}, "gradients/encoder1.att.projection_dense.weight": {"_type": "histogram", "values": [1024.0], "bins": [0.0, 0.0]}, "gradients/encoder1.att.value_dense.bias": {"_type": "histogram", "values": [32.0], "bins": [0.0, 0.0]}, "gradients/encoder1.att.value_dense.weight": {"_type": "histogram", "values": [1024.0], "bins": [0.0, 0.0]}, "gradients/encoder1.att.key_dense.bias": {"_type": "histogram", "values": [32.0], "bins": [0.0, 0.0]}, "gradients/encoder1.att.key_dense.weight": {"_type": "histogram", "values": [1024.0], "bins": [0.0, 0.0]}, "gradients/encoder1.att.query_dense.bias": {"_type": "histogram", "values": [32.0], "bins": [0.0, 0.0]}, "gradients/encoder1.att.query_dense.weight": {"_type": "histogram", "values": [1024.0], "bins": [0.0, 0.0]}, "gradients/embedLayer.pos_embeddings": {"_type": "histogram", "values": [9216.0], "bins": [0.0, 0.0]}, "gradients/embedLayer.emebdding_layer.weight": {"_type": "histogram", "values": [128000.0], "bins": [0.0, 0.0]}, "gradients/embedLayer.emebdding_layer.bias": {"_type": "histogram", "values": [32.0], "bins": [0.0, 0.0]}, "gradients/conv23.conv.weight": {"_type": "histogram", "values": [27648.0], "bins": [0.0, 0.0]}, "gradients/conv23.conv.bias": {"_type": "histogram", "values": [32.0], "bins": [0.0, 0.0]}, "gradients/conv22.conv.weight": {"_type": "histogram", "values": [27648.0], "bins": [0.0, 0.0]},