{"epoch": 12, "loss_hgr": 2.465459297642563, "loss_id": 2.1066274007161456, "loss_icgd": 0.6199866739186374, "loss": 2.1066274007161456, "acc_hgr": 0.06969697028398514, "acc_id": 0.2284848541021347, "val_loss_hgr": 2.4905758597634056, "val_loss_id": 2.123729565360329, "val_loss_icgd": 0.5977343726158142, "val_loss": 2.123729565360329, "val_acc_hgr": 0.07181818038225174, "val_acc_id": 0.1963636428117752, "_timestamp": 1745749825.3074086, "_runtime": 578.4799945354462, "_step": 12, "_wandb": {"runtime": 585}}