{"epoch": 8, "loss_hgr": NaN, "loss_id": NaN, "loss_icgd": NaN, "loss": NaN, "acc_hgr": 0.09090909361839294, "acc_id": 0.10000000149011612, "val_loss_hgr": NaN, "val_loss_id": NaN, "val_loss_icgd": NaN, "val_loss": NaN, "val_acc_hgr": 0.09090909361839294, "val_acc_id": 0.10000000149011612, "_timestamp": 1745754517.8860302, "_runtime": 286.65050625801086, "_step": 8, "_wandb": {"runtime": 310}}