{"gradients/dense_id.bias": {"_type": "histogram", "values": [1.0, 0.0, 0.0, 0.0, 0.0, 0.0, 0.0, 0.0, 0.0, 0.0, 0.0, 0.0, 0.0, 0.0, 0.0, 1.0, 3.0, 0.0, 0.0, 0.0, 0.0, 0.0, 0.0, 0.0, 0.0, 0.0, 0.0, 0.0, 0.0, 0.0, 0.0, 1.0, 1.0, 0.0, 0.0, 0.0, 0.0, 0.0, 0.0, 0.0, 0.0, 0.0, 0.0, 0.0, 0.0, 0.0, 0.0, 1.0, 1.0, 0.0, 0.0, 0.0, 0.0, 0.0, 0.0, 0.0, 0.0, 0.0, 0.0, 0.0, 0.0, 0.0, 0.0, 1.0], "bins": [-0.05672537535429001, -0.0547589473426342, -0.052792519330978394, -0.050826091319322586, -0.04885966330766678, -0.04689323529601097, -0.044926807284355164, -0.042960379272699356, -0.04099395126104355, -0.03902752324938774, -0.037061095237731934, -0.035094667226076126, -0.03312823921442032, -0.03116181120276451, -0.029195383191108704, -0.027228955179452896, -0.02526252716779709, -0.02329609915614128, -0.021329671144485474, -0.019363243132829666, -0.01739681512117386, -0.015430387109518051, -0.013463959097862244, -0.011497531086206436, -0.009531103074550629, -0.007564675062894821, -0.005598247051239014, -0.003631819039583206, -0.0016653910279273987, 0.0003010369837284088, 0.0022674649953842163, 0.004233893007040024, 0.006200321018695831, 0.008166749030351639, 0.010133177042007446, 0.012099605053663254, 0.014066033065319061, 0.01603246107697487, 0.017998889088630676, 0.019965317100286484, 0.02193174511194229, 0.0238981731235981, 0.025864601135253906, 0.027831029146909714, 0.02979745715856552, 0.03176388517022133, 0.033730313181877136, 0.035696741193532944, 0.03766316920518875, 0.03962959721684456, 0.041596025228500366, 0.043562453240156174, 0.04552888125181198, 0.04749530926346779, 0.049461737275123596, 0.051428165286779404, 0.05339459329843521, 0.05536102131009102, 0.057327449321746826, 0.059293877333402634, 0.06126030534505844, 0.06322672963142395, 0.06519316136837006, 0.06715959310531616, 0.06912601739168167]}, "_timestamp": 1746630622.0426939, "gradients/dense_id.weight": {"_type": "histogram", "values": [320.0], "bins": [0.0, 0.0]}, "gradients/dense_hgr.bias": {"_type": "histogram", "values": [1.0, 0.0, 0.0, 0.0, 0.0, 0.0, 0.0, 0.0, 0.0, 0.0, 0.0, 0.0, 2.0, 0.0, 0.0, 0.0, 0.0, 0.0, 0.0, 0.0, 0.0, 0.0, 0.0, 0.0, 0.0, 1.0, 0.0, 0.0, 0.0, 0.0, 0.0, 0.0, 0.0, 0.0, 0.0, 0.0, 0.0, 0.0, 0.0, 0.0, 0.0, 0.0, 0.0, 0.0, 0.0, 0.0, 0.0, 0.0, 0.0, 0.0, 0.0, 5.0, 0.0, 0.0, 0.0, 0.0, 0.0, 0.0, 0.0, 0.0, 0.0, 0.0, 0.0, 2.0], "bins": [-0.09556841850280762, -0.09314492344856262, -0.09072142839431763, -0.08829792588949203, -0.08587443083524704, -0.08345093578100204, -0.08102744072675705, -0.07860394567251205, -0.07618044316768646, -0.07375694811344147, -0.07133345305919647, -0.06890995800495148, -0.06648646295070648, -0.06406296789646149, -0.06163946911692619, -0.0592159703373909, -0.056792475283145905, -0.05436898022890091, -0.051945481449365616, -0.04952198639512062, -0.04709848761558533, -0.04467499256134033, -0.04225149750709534, -0.03982799872756004, -0.03740450367331505, -0.03498100861907005, -0.03255750983953476, -0.030134014785289764, -0.02771051973104477, -0.025287024676799774, -0.022863522171974182, -0.020440027117729187, -0.01801653951406479, -0.015593044459819794, -0.013169549405574799, -0.010746046900749207, -0.008322551846504211, -0.005899056792259216, -0.003475561738014221, -0.0010520629584789276, 0.0013714320957660675, 0.0037949271500110626, 0.006218425929546356, 0.008641920983791351, 0.011065416038036346, 0.01348891481757164, 0.015912409871816635, 0.01833590865135193, 0.020759403705596924, 0.02318289875984192, 0.025606397539377213, 0.028029892593622208, 0.030453389510512352, 0.032876886427402496, 0.03530038148164749, 0.03772387653589249, 0.04014737531542778, 0.042570874094963074, 0.04499436914920807, 0.047417864203453064, 0.04984135925769806, 0.05226485803723335, 0.05468835309147835, 0.05711185187101364, 0.059535346925258636]}, "gradients/dense_hgr.weight": {"_type": "histogram", "values": [352.0], "bins": [0.0, 0.0]}, "gradients/dense_op.bias": {"_type": "histogram", "values": [32.0], "bins": [0.0, 0.0]}, "gradients/dense_op.weight": {"_type": "histogram", "values": [1024.0], "bins": [0.0, 0.0]}, "gradients/encoder2.norm2.weight": {"_type": "histogram", "values": [32.0], "bins": [0.0, 0.0]}, "gradients/encoder2.norm2.bias": {"_type": "histogram", "values": [32.0], "bins": [0.0, 0.0]}, "gradients/encoder2.linear2.bias": {"_type": "histogram", "values": [32.0], "bins": [0.0, 0.0]}, "gradients/encoder2.linear2.weight": {"_type": "histogram", "values": [4096.0], "bins": [0.0, 0.0]}, "gradients/encoder2.linear1.bias": {"_type": "histogram", "values": [128.0], "bins": [0.0, 0.0]}, "gradients/encoder2.linear1.weight": {"_type": "histogram", "values": [4096.0], "bins": [0.0, 0.0]}, "gradients/encoder2.norm1.weight": {"_type": "histogram", "values": [32.0], "bins": [0.0, 0.0]}, "gradients/encoder2.norm1.bias": {"_type": "histogram", "values": [32.0], "bins": [0.0, 0.0]}, "gradients/encoder2.self_attn.out_proj.bias": {"_type": "histogram", "values": [32.0], "bins": [0.0, 0.0]}, "gradients/encoder2.self_attn.out_proj.weight": {"_type": "histogram", "values": [1024.0], "bins": [0.0, 0.0]}, "gradients/encoder2.self_attn.in_proj_bias": {"_type": "histogram", "values": [96.0], "bins": [0.0, 0.0]}, "gradients/encoder2.self_attn.in_proj_weight": {"_type": "histogram", "values": [3072.0], "bins": [0.0, 0.0]}, "gradients/encoder1.norm2.weight": {"_type": "histogram", "values": [32.0], "bins": [0.0, 0.0]}, "gradients/encoder1.norm2.bias": {"_type": "histogram", "values": [32.0], "bins": [0.0, 0.0]}, "gradients/encoder1.linear2.bias": {"_type": "histogram", "values": [32.0], "bins": [0.0, 0.0]}, "gradients/encoder1.linear2.weight": {"_type": "histogram", "values": [4096.0], "bins": [0.0, 0.0]}, "gradients/encoder1.linear1.bias": {"_type": "histogram", "values": [128.0], "bins": [0.0, 0.0]}, "gradients/encoder1.linear1.weight": {"_type": "histogram", "values": [4096.0], "bins": [0.0, 0.0]}, "gradients/encoder1.norm1.weight": {"_type": "histogram", "values": [32.0], "bins": [0.0, 0.0]}, "gradients/encoder1.norm1.bias": {"_type": "histogram", "values": [32.0], "bins": [0.0, 0.0]}, "gradients/encoder1.self_attn.out_proj.bias": {"_type": "histogram", "values": [32.0], "bins": [0.0, 0.0]}, "gradients/encoder1.self_attn.out_proj.weight": {"_type": "histogram", "values": [1024.0], "bins": [0.0, 0.0]}, "gradients/encoder1.self_attn.in_proj_bias": {"_type": "histogram", "values": [96.0], "bins": [0.0, 0.0]}, "gradients/encoder1.self_attn.in_proj_weight": {"_type": "histogram", "values": [3072.0], "bins": [0.0, 0.0]}, "gradients/embedLayer.pos_embeddings": {"_type": "histogram", "values": [9216.0], "bins": [0.0, 0.0]}, "gradients/embedLayer.emebdding_layer.weight": {"_type": "histogram", "values": [128000.0], "bins": [0.0, 0.0]}, "gradients/embedLayer.emebdding_layer.bias": {"_type": "histogram", "values": [32.0], "bins": [0.0, 0.0]}, "gradients/conv23.conv.weight": {"_type": "histogram", "values": [27648.0], "bins": [0.0, 0.0]}, "gradients/conv23.conv.bias": {"_type": "histogram", "values": [32.0], "bins": [0.0, 0.0]}, "gradients/conv22.conv.weight": {"_type": "histogram", "values": [27648.0], "bins": [0.0, 0.0]}, "gradients/conv22.conv.bias": {"_type": "histogram", "values": [32.0], "bins": [0.0, 0.0]}, "gradients/conv21.conv.weight": {"_type": "histogram", "values": [13824.0], "bins": [0.0, 0.0]}, "gradients/conv21.conv.bias": {"_type": "histogram", "values": [32.0], "bins": [0.0, 0.0]}, "gradients/conv13.conv.weight": {"_type": "histogram", "values": [6912.0], "bins": [0.0, 0.0]}, "gradients/conv13.conv.bias": {"_type": "histogram", "values": [16.0], "bins": [0.0, 0.0]}, "gradients/conv12.conv.weight": {"_type": "histogram", "values": [6912.0], "bins": [0.0, 0.0]}, "gradients/conv12.conv.bias": {"_type": "histogram", "values": [16.0], "bins": [0.0, 0.0]}, "gradients/conv11.conv.weight": {"_type": "histogram", "values": [1728.0], "bins": [0.0, 0.0]}, "gradients/conv11.conv.bias": {"_type": "histogram", "values": [16.0], "bins": [0.0, 0.0]}, "epoch": 19, "loss_hgr": 2.3981204142714994,