{"gradients/dense_id.bias": {"_type": "histogram", "values": [1.0, 0.0, 0.0, 0.0, 0.0, 0.0, 0.0, 0.0, 0.0, 2.0, 0.0, 0.0, 0.0, 0.0, 0.0, 0.0, 0.0, 0.0, 0.0, 0.0, 0.0, 0.0, 0.0, 0.0, 0.0, 0.0, 0.0, 0.0, 0.0, 0.0, 0.0, 0.0, 0.0, 0.0, 0.0, 0.0, 2.0, 0.0, 0.0, 0.0, 0.0, 0.0, 0.0, 0.0, 0.0, 3.0, 0.0, 0.0, 0.0, 0.0, 0.0, 0.0, 0.0, 0.0, 1.0, 0.0, 0.0, 0.0, 0.0, 0.0, 0.0, 0.0, 0.0, 1.0], "bins": [-0.1187354102730751, -0.1153169646859169, -0.1118985265493393, -0.10848008096218109, -0.10506164282560349, -0.10164319723844528, -0.09822475910186768, -0.09480631351470947, -0.09138786792755127, -0.08796942979097366, -0.08455099165439606, -0.08113254606723785, -0.07771410048007965, -0.07429565489292145, -0.07087721675634384, -0.06745877861976624, -0.06404033303260803, -0.06062189117074013, -0.05720344930887222, -0.05378500372171402, -0.050366565585136414, -0.04694811999797821, -0.043529681861400604, -0.0401112362742424, -0.0366927906870842, -0.03327435255050659, -0.02985590696334839, -0.026437468826770782, -0.02301902323961258, -0.019600585103034973, -0.01618213951587677, -0.012763701379299164, -0.009345248341560364, -0.005926802754402161, -0.0025083646178245544, 0.0009100809693336487, 0.004328519105911255, 0.007746964693069458, 0.011165402829647064, 0.014583848416805267, 0.018002286553382874, 0.021420732140541077, 0.02483917772769928, 0.028257615864276886, 0.03167606145143509, 0.035094499588012695, 0.0385129451751709, 0.0419313870370388, 0.04534982889890671, 0.04876827076077461, 0.05218671262264252, 0.05560515448451042, 0.059023596346378326, 0.06244204193353653, 0.06586048007011414, 0.06927892565727234, 0.07269737124443054, 0.07611580938100815, 0.07953424751758575, 0.08295269310474396, 0.08637113869190216, 0.08978957682847977, 0.09320802241563797, 0.09662646055221558, 0.10004490613937378]}, "_timestamp": 1746631482.609945, "gradients/dense_id.weight": {"_type": "histogram", "values": [320.0], "bins": [0.0, 0.0]}, "gradients/dense_hgr.bias": {"_type": "histogram", "values": [1.0, 0.0, 0.0, 0.0, 0.0, 0.0, 0.0, 0.0, 0.0, 0.0, 0.0, 0.0, 0.0, 0.0, 0.0, 0.0, 0.0, 0.0, 0.0, 0.0, 0.0, 1.0, 0.0, 0.0, 0.0, 0.0, 0.0, 0.0, 0.0, 0.0, 0.0, 1.0, 0.0, 0.0, 0.0, 0.0, 0.0, 0.0, 0.0, 0.0, 0.0, 0.0, 3.0, 0.0, 0.0, 0.0, 0.0, 0.0, 0.0, 0.0, 0.0, 0.0, 0.0, 2.0, 0.0, 0.0, 0.0, 0.0, 0.0, 0.0, 0.0, 0.0, 0.0, 3.0], "bins": [-0.12787902355194092, -0.12494800239801407, -0.12201698869466782, -0.11908596754074097, -0.11615494638681412, -0.11322393268346786, -0.11029291152954102, -0.10736189782619476, -0.10443087667226791, -0.10149985551834106, -0.09856884181499481, -0.09563782066106796, -0.09270679950714111, -0.08977578580379486, -0.08684476464986801, -0.08391374349594116, -0.08098272979259491, -0.07805170863866806, -0.07512068748474121, -0.07218967378139496, -0.06925865262746811, -0.06632763147354126, -0.06339661777019501, -0.06046559661626816, -0.05753457546234131, -0.054603561758995056, -0.05167254060506821, -0.04874151945114136, -0.045810505747795105, -0.042879484593868256, -0.039948463439941406, -0.037017449736595154, -0.034086428582668304, -0.031155407428741455, -0.028224393725395203, -0.025293372571468353, -0.022362351417541504, -0.01943133771419525, -0.016500316560268402, -0.013569295406341553, -0.0106382817029953, -0.007707260549068451, -0.0047762393951416016, -0.0018452256917953491, 0.0010857954621315002, 0.004016812890768051, 0.006947830319404602, 0.009878851473331451, 0.012809868901968002, 0.015740886330604553, 0.018671907484531403, 0.021602924913167953, 0.024533942341804504, 0.027464963495731354, 0.030395980924367905, 0.033326998353004456, 0.036258019506931305, 0.039189036935567856, 0.04212005436420441, 0.045051075518131256, 0.04798209294676781, 0.05091311037540436, 0.05384412780404091, 0.05677514895796776, 0.05970616638660431]}, "gradients/dense_hgr.weight": {"_type": "histogram", "values": [352.0], "bins": [0.0, 0.0]}, "gradients/dense_op.bias": {"_type": "histogram", "values": [32.0], "bins": [0.0, 0.0]}, "gradients/dense_op.weight": {"_type": "histogram", "values": [1024.0], "bins": [0.0, 0.0]}, "gradients/encoder2.norm2.weight": {"_type": "histogram", "values": [32.0], "bins": [0.0, 0.0]}, "gradients/encoder2.norm2.bias": {"_type": "histogram", "values": [32.0], "bins": [0.0, 0.0]}, "gradients/encoder2.linear2.bias": {"_type": "histogram", "values": [32.0], "bins": [0.0, 0.0]}, "gradients/encoder2.linear2.weight": {"_type": "histogram", "values": [4096.0], "bins": [0.0, 0.0]}, "gradients/encoder2.linear1.bias": {"_type": "histogram", "values": [128.0], "bins": [0.0, 0.0]}, "gradients/encoder2.linear1.weight": {"_type": "histogram", "values": [4096.0], "bins": [0.0, 0.0]}, "gradients/encoder2.norm1.weight": {"_type": "histogram", "values": [32.0], "bins": [0.0, 0.0]}, "gradients/encoder2.norm1.bias": {"_type": "histogram", "values": [32.0], "bins": [0.0, 0.0]}, "gradients/encoder2.self_attn.out_proj.bias": {"_type": "histogram", "values": [32.0], "bins": [0.0, 0.0]}, "gradients/encoder2.self_attn.out_proj.weight": {"_type": "histogram", "values": [1024.0], "bins": [0.0, 0.0]}, "gradients/encoder2.self_attn.in_proj_bias": {"_type": "histogram", "values": [96.0], "bins": [0.0, 0.0]}, "gradients/encoder2.self_attn.in_proj_weight": {"_type": "histogram", "values": [3072.0], "bins": [0.0, 0.0]}, "gradients/encoder1.norm2.weight": {"_type": "histogram", "values": [32.0], "bins": [0.0, 0.0]}, "gradients/encoder1.norm2.bias": {"_type": "histogram", "values": [32.0], "bins": [0.0, 0.0]}, "gradients/encoder1.linear2.bias": {"_type": "histogram", "values": [32.0], "bins": [0.0, 0.0]}, "gradients/encoder1.linear2.weight": {"_type": "histogram", "values": [4096.0], "bins": [0.0, 0.0]}, "gradients/encoder1.linear1.bias": {"_type": "histogram", "values": [128.0], "bins": [0.0, 0.0]}, "gradients/encoder1.linear1.weight": {"_type": "histogram", "values": [4096.0], "bins": [0.0, 0.0]}, "gradients/encoder1.norm1.weight": {"_type": "histogram", "values": [32.0], "bins": [0.0, 0.0]}, "gradients/encoder1.norm1.bias": {"_type": "histogram", "values": [32.0], "bins": [0.0, 0.0]}, "gradients/encoder1.self_attn.out_proj.bias": {"_type": "histogram", "values": [32.0], "bins": [0.0, 0.0]}, "gradients/encoder1.self_attn.out_proj.weight": {"_type": "histogram", "values": [1024.0], "bins": [0.0, 0.0]}, "gradients/encoder1.self_attn.in_proj_bias": {"_type": "histogram", "values": [96.0], "bins": [0.0, 0.0]}, "gradients/encoder1.self_attn.in_proj_weight": {"_type": "histogram", "values": [3072.0], "bins": [0.0, 0.0]}, "gradients/embedLayer.pos_embeddings": {"_type": "histogram", "values": [9216.0], "bins": [0.0, 0.0]}, "gradients/embedLayer.emebdding_layer.weight": {"_type": "histogram", "values": [128000.0], "bins": [0.0, 0.0]}, "gradients/embedLayer.emebdding_layer.bias": {"_type": "histogram", "values": [32.0], "bins": [0.0, 0.0]}, "gradients/conv23.conv.weight": {"_type": "histogram", "values": [27648.0], "bins": [0.0, 0.0]}, "gradients/conv23.conv.bias": {"_type": "histogram", "values": [32.0], "bins": [0.0, 0.0]}, "gradients/conv22.conv.weight": {"_type": "histogram", "values": [27648.0], "bins": [0.0, 0.0]}, "gradients/conv22.conv.bias": {"_type": "histogram", "values": [32.0], "bins": [0.0, 0.0]}, "gradients/conv21.conv.weight": {"_type": "histogram", "values": [13824.0], "bins": [0.0, 0.0]}, "gradients/conv21.conv.bias": {"_type": "histogram", "values": [32.0], "bins": [0.0, 0.0]}, "gradients/conv13.conv.weight": {"_type": "histogram", "values": [6912.0], "bins": [0.0, 0.0]}, "gradients/conv13.conv.bias": {"_type": "histogram", "values": [16.0], "bins": [0.0, 0.0]}, "gradients/conv12.conv.weight": {"_type": "histogram", "values": [6912.0], "bins": [0.0, 0.0]}, "gradients/conv12.conv.bias": {"_type": "histogram", "values": [16.0], "bins": [0.0, 0.0]}, "gradients/conv11.conv.weight": {"_type": "histogram", "values": [1728.0], "bins": [0.0, 0.0]}, "gradients/conv11.conv.bias": {"_type": "histogram", "values": [16.0], "bins": [0.0, 0.0]}, "epoch": 21, "loss_hgr": 2.3979162866419013,