{"epoch": 3, "loss_hgr": 2.4066848567037873, "loss_id": 2.304031128160881, "loss_icgd": 0.9755762229543744, "loss": 2.304031128160881, "acc_hgr": 0.09090909361839294, "acc_id": 0.10000000149011612, "val_loss_hgr": 2.407497247349132, "val_loss_id": 2.301837488521229, "val_loss_icgd": 0.9742798881097273, "val_loss": 2.301837488521229, "val_acc_hgr": 0.09090909361839294, "val_acc_id": 0.10000000149011612, "_timestamp": 1745752585.4089036, "_runtime": 155.49151253700256, "_step": 3}