{"gradients/dense_id.bias": {"_type": "histogram", "values": [1.0, 0.0, 0.0, 0.0, 0.0, 0.0, 0.0, 0.0, 0.0, 0.0, 2.0, 0.0, 0.0, 0.0, 0.0, 0.0, 0.0, 0.0, 0.0, 0.0, 0.0, 2.0, 0.0, 0.0, 0.0, 0.0, 0.0, 0.0, 0.0, 0.0, 0.0, 0.0, 1.0, 0.0, 0.0, 0.0, 0.0, 0.0, 0.0, 0.0, 0.0, 0.0, 2.0, 0.0, 0.0, 0.0, 0.0, 0.0, 0.0, 0.0, 0.0, 0.0, 0.0, 1.0, 0.0, 0.0, 0.0, 0.0, 0.0, 0.0, 0.0, 0.0, 0.0, 1.0], "bins": [-0.08780910074710846, -0.08487538993358612, -0.08194167166948318, -0.07900796085596085, -0.07607425004243851, -0.07314053177833557, -0.07020682096481323, -0.0672731101512909, -0.06433939933776855, -0.06140568107366562, -0.05847197026014328, -0.05553825572133064, -0.052604541182518005, -0.049670830368995667, -0.04673711583018303, -0.04380340501666069, -0.04086969047784805, -0.037935975939035416, -0.03500226512551308, -0.03206855058670044, -0.0291348397731781, -0.026201125234365463, -0.023267410695552826, -0.020333699882030487, -0.01739998161792755, -0.014466270804405212, -0.011532559990882874, -0.008598849177360535, -0.005665130913257599, -0.00273142009973526, 0.00020229071378707886, 0.0031360089778900146, 0.006069712340831757, 0.009003423154354095, 0.011937141418457031, 0.01487085223197937, 0.01780456304550171, 0.020738281309604645, 0.023671992123126984, 0.026605702936649323, 0.02953941375017166, 0.0324731320142746, 0.035406842827796936, 0.03834055736660957, 0.04127427190542221, 0.04420798271894455, 0.04714169725775719, 0.050075408071279526, 0.05300912261009216, 0.0559428371489048, 0.05887654796242714, 0.06181026250123978, 0.06474397331476212, 0.06767769157886505, 0.07061140239238739, 0.07354511320590973, 0.07647882401943207, 0.079412542283535, 0.08234625309705734, 0.08527997136116028, 0.08821368217468262, 0.09114739298820496, 0.0940811038017273, 0.09701482206583023, 0.09994853287935257]}, "_timestamp": 1746704528.7109172, "gradients/dense_id.weight": {"_type": "histogram", "values": [320.0], "bins": [0.0, 0.0]}, "gradients/dense_hgr.bias": {"_type": "histogram", "values": [3.0, 0.0, 0.0, 0.0, 0.0, 0.0, 0.0, 0.0, 0.0, 0.0, 0.0, 0.0, 0.0, 0.0, 0.0, 0.0, 0.0, 0.0, 0.0, 0.0, 0.0, 5.0, 0.0, 0.0, 0.0, 0.0, 0.0, 0.0, 0.0, 0.0, 0.0, 0.0, 0.0, 0.0, 0.0, 0.0, 0.0, 0.0, 0.0, 0.0, 0.0, 0.0, 2.0, 0.0, 0.0, 0.0, 0.0, 0.0, 0.0, 0.0, 0.0, 0.0, 0.0, 0.0, 0.0, 0.0, 0.0, 0.0, 0.0, 0.0, 0.0, 0.0, 0.0, 1.0], "bins": [-0.0341959223151207, -0.03273012489080429, -0.031264323741197586, -0.02979852445423603, -0.028332725167274475, -0.02686692588031292, -0.025401126593351364, -0.023935329169034958, -0.022469528019428253, -0.021003730595111847, -0.019537929445505142, -0.018072132021188736, -0.01660633273422718, -0.015140533447265625, -0.01367473416030407, -0.012208934873342514, -0.010743135586380959, -0.009277336299419403, -0.007811537012457848, -0.006345737725496292, -0.004879938438534737, -0.003414139151573181, -0.001948341727256775, -0.0004825405776500702, 0.000983256846666336, 0.0024490579962730408, 0.003914855420589447, 0.005380656570196152, 0.006846453994512558, 0.008312255144119263, 0.009778052568435669, 0.011243853718042374, 0.01270965114235878, 0.014175448566675186, 0.01564124971628189, 0.017107047140598297, 0.018572848290205002, 0.020038645714521408, 0.021504446864128113, 0.02297024428844452, 0.024436045438051224, 0.02590184286236763, 0.027367644011974335, 0.02883344143629074, 0.030299240723252296, 0.03176504001021385, 0.03323084115982056, 0.03469663858413696, 0.03616243600845337, 0.037628237158060074, 0.03909403830766678, 0.040559835731983185, 0.04202563315629959, 0.043491434305906296, 0.0449572317302227, 0.04642303287982941, 0.04788883030414581, 0.04935463145375252, 0.050820428878068924, 0.05228623002767563, 0.053752027451992035, 0.05521782860159874, 0.056683626025915146, 0.05814942717552185, 0.05961522459983826]}, "gradients/dense_hgr.weight": {"_type": "histogram", "values": [352.0], "bins": [0.0, 0.0]}, "gradients/dense_op.bias": {"_type": "histogram", "values": [32.0], "bins": [0.0, 0.0]}, "gradients/dense_op.weight": {"_type": "histogram", "values": [1024.0], "bins": [0.0, 0.0]}, "gradients/encoder2.layernorm2.weight": {"_type": "histogram", "values": [9216.0], "bins": [0.0, 0.0]}, "gradients/encoder2.layernorm2.bias": {"_type": "histogram", "values": [9216.0], "bins": [0.0, 0.0]}, "gradients/encoder2.ffn.2.bias": {"_type": "histogram", "values": [32.0], "bins": [0.0, 0.0]}, "gradients/encoder2.ffn.2.weight": {"_type": "histogram", "values": [4096.0], "bins": [0.0, 0.0]}, "gradients/encoder2.ffn.0.bias": {"_type": "histogram", "values": [128.0], "bins": [0.0, 0.0]}, "gradients/encoder2.ffn.0.weight": {"_type": "histogram", "values": [4096.0], "bins": [0.0, 0.0]}, "gradients/encoder2.layernorm1.weight": {"_type": "histogram", "values": [9216.0], "bins": [0.0, 0.0]}, "gradients/encoder2.layernorm1.bias": {"_type": "histogram", "values": [9216.0], "bins": [0.0, 0.0]}, "gradients/encoder2.att.projection_dense.bias": {"_type": "histogram", "values": [32.0], "bins": [0.0, 0.0]}, "gradients/encoder2.att.projection_dense.weight": {"_type": "histogram", "values": [1024.0], "bins": [0.0, 0.0]}, "gradients/encoder2.att.value_dense.bias": {"_type": "histogram", "values": [32.0], "bins": [0.0, 0.0]}, "gradients/encoder2.att.value_dense.weight": {"_type": "histogram", "values": [1024.0], "bins": [0.0, 0.0]}, "gradients/encoder2.att.key_dense.bias": {"_type": "histogram", "values": [32.0], "bins": [0.0, 0.0]}, "gradients/encoder2.att.key_dense.weight": {"_type": "histogram", "values": [1024.0], "bins": [0.0, 0.0]}, "gradients/encoder2.att.query_dense.bias": {"_type": "histogram", "values": [32.0], "bins": [0.0, 0.0]}, "gradients/encoder2.att.query_dense.weight": {"_type": "histogram", "values": [1024.0], "bins": [0.0, 0.0]}, "gradients/encoder1.layernorm2.weight": {"_type": "histogram", "values": [9216.0], "bins": [0.0, 0.0]}, "gradients/encoder1.layernorm2.bias": {"_type": "histogram", "values": [9216.0], "bins": [0.0, 0.0]}, "gradients/encoder1.ffn.2.bias": {"_type": "histogram", "values": [32.0], "bins": [0.0, 0.0]}, "gradients/encoder1.ffn.2.weight": {"_type": "histogram", "values": [4096.0], "bins": [0.0, 0.0]}, "gradients/encoder1.ffn.0.bias": {"_type": "histogram", "values": [128.0], "bins": [0.0, 0.0]}, "gradients/encoder1.ffn.0.weight": {"_type": "histogram", "values": [4096.0], "bins": [0.0, 0.0]}, "gradients/encoder1.layernorm1.weight": {"_type": "histogram", "values": [9216.0], "bins": [0.0, 0.0]}, "gradients/encoder1.layernorm1.bias": {"_type": "histogram", "values": [9216.0], "bins": [0.0, 0.0]}, "gradients/encoder1.att.projection_dense.bias": {"_type": "histogram", "values": [32.0], "bins": [0.0, 0.0]}, "gradients/encoder1.att.projection_dense.weight": {"_type": "histogram", "values": [1024.0], "bins": [0.0, 0.0]}, "gradients/encoder1.att.value_dense.bias": {"_type": "histogram", "values": [32.0], "bins": [0.0, 0.0]}, "gradients/encoder1.att.value_dense.weight": {"_type": "histogram", "values": [1024.0], "bins": [0.0, 0.0]}, "gradients/encoder1.att.key_dense.bias": {"_type": "histogram", "values": [32.0], "bins": [0.0, 0.0]}, "gradients/encoder1.att.key_dense.weight": {"_type": "histogram", "values": [1024.0], "bins": [0.0, 0.0]}, "gradients/encoder1.att.query_dense.bias": {"_type": "histogram", "values": [32.0], "bins": [0.0, 0.0]}, "gradients/encoder1.att.query_dense.weight": {"_type": "histogram", "values": [1024.0], "bins": [0.0, 0.0]}, "gradients/embedLayer.pos_embeddings": {"_type": "histogram", "values": [9216.0], "bins": [0.0, 0.0]}, "gradients/embedLayer.emebdding_layer.weight": {"_type": "histogram", "values": [128000.0], "bins": [0.0, 0.0]}, "gradients/embedLayer.emebdding_layer.bias": {"_type": "histogram", "values": [32.0], "bins": [0.0, 0.0]}, "gradients/conv23.conv.weight": {"_type": "histogram", "values": [27648.0], "bins": [0.0, 0.0]}, "gradients/conv23.conv.bias": {"_type": "histogram", "values": [32.0], "bins": [0.0, 0.0]}, "gradients/conv22.conv.weight": {"_type": "histogram", "values": [27648.0], "bins": [0.0, 0.0]},